0,EliteOne,https://www.reddit.com/r/EliteOne/about/traffic/.json,0,0,19530
1,EliteTraders,https://www.reddit.com/r/EliteTraders/about/traffic/.json,0,0,16615
2,EliteExplorers,https://www.reddit.com/r/EliteExplorers/about/traffic/.json,0,0,12504
3,EliteMiners,https://www.reddit.com/r/EliteMiners/about/traffic/.json,0,0,5950
4,EliteBountyHunters,https://www.reddit.com/r/EliteBountyHunters/about/traffic/.json,0,0,5110
5,EliteCG,https://www.reddit.com/r/EliteCG/about/traffic/.json,0,0,6337
6,EiteDagerous,https://www.reddit.com/r/EiteDagerous/about/traffic/.json,0,0,2883
7,EliteRacers,https://www.reddit.com/r/EliteRacers/about/traffic/.json,0,0,1884
8,EliteWings,https://www.reddit.com/r/EliteWings/about/traffic/.json,0,0,1578
9,UnknownArtefact,https://www.reddit.com/r/UnknownArtefact/about/traffic/.json,0,0,1155
10,ElitePirates,https://www.reddit.com/r/ElitePirates/about/traffic/.json,0,0,1094
11,FuelRats,https://www.reddit.com/r/FuelRats/about/traffic/.json,0,0,821
12,EliteAlliance,https://www.reddit.com/r/EliteAlliance/about/traffic/.json,0,0,1100
13,EliteDangerousPics,N/A,N/A,N/A,N/A
14,EliteOutfitters,https://www.reddit.com/r/EliteOutfitters/about/traffic/.json,0,0,827
15,EliteCombatLoggers,https://www.reddit.com/r/EliteCombatLoggers/about/traffic/.json,0,0,1432
16,IridiumWing,https://www.reddit.com/r/IridiumWing/about/traffic/.json,0,0,662
17,EliteCQC,https://www.reddit.com/r/EliteCQC/about/traffic/.json,0,0,352
18,EliteStories,https://www.reddit.com/r/EliteStories/about/traffic/.json,0,0,96
19,Canonn,https://www.reddit.com/r/Canonn/about/traffic/.json,0,0,728
20,EliteMahon,https://www.reddit.com/r/EliteMahon/about/traffic/.json,0,0,7002
21,AislingDuval,https://www.reddit.com/r/AislingDuval/about/traffic/.json,0,0,9820
22,EliteLavigny,https://www.reddit.com/r/EliteLavigny/about/traffic/.json,0,0,10673
23,ElitePatreus,https://www.reddit.com/r/ElitePatreus/about/traffic/.json,0,0,2504
24,EliteTorval,https://www.reddit.com/r/EliteTorval/about/traffic/.json,0,0,1839
25,EliteWinters,https://www.reddit.com/r/EliteWinters/about/traffic/.json,0,0,4174
26,EliteHudson,https://www.reddit.com/r/EliteHudson/about/traffic/.json,0,0,13070
27,kumocrew,https://www.reddit.com/r/kumocrew/about/traffic/.json,0,0,2073
28,EliteSirius,https://www.reddit.com/r/EliteSirius/about/traffic/.json,0,0,2158
29,EliteAntal,https://www.reddit.com/r/EliteAntal/about/traffic/.json,0,0,3265
